feedback_id,store_id,region,date,rating,category,comment,resolved,channel
FB-00451,M-0003,Midwest,2023-01-03,4,Service Speed,Drink was good but had a short wait.,True,In-Store Kiosk
FB-00366,PN-0001,Pacific Northwest,2023-01-05,4,Food Quality,Mobile app worked great today.,True,In-Store Kiosk
FB-00241,M-0006,Midwest,2023-01-06,4,Cleanliness,Mobile app worked great today.,True,In-Store Kiosk
FB-00296,M-0004,Mid-Atlantic,2023-01-08,4,App Experience,Mobile app worked great today.,True,Google Review
FB-00262,S-0007,Southwest,2023-01-09,3,Loyalty Rewards,Store was a bit crowded.,True,Email Survey
FB-00184,M-0006,Midwest,2023-01-10,5,App Experience,Fastest drive-thru I've been to.,True,In-Store Kiosk
FB-00255,M-0008,Mountain,2023-01-13,5,Cleanliness,Barista remembered my order.,True,Google Review
FB-00043,N-0005,Northeast,2023-01-15,4,App Experience,Usually consistent quality.,True,Email Survey
FB-00528,PN-0005,Pacific Northwest,2023-01-15,4,Service Speed,Mobile app worked great today.,True,App
FB-00162,M-0009,Midwest,2023-01-18,4,Loyalty Rewards,Good experience overall.,True,App
FB-00550,PN-0006,Pacific Northwest,2023-01-22,2,Cleanliness,Store was not clean.,False,App
FB-00313,N-0008,Northeast,2023-01-22,3,Staff Friendliness,Store was a bit crowded.,True,Google Review
FB-00145,N-0008,Northeast,2023-01-24,3,Food Quality,"Average visit, nothing special.",True,App
FB-00007,M-0007,Mountain,2023-01-25,4,Cleanliness,Drink was good but had a short wait.,True,Email Survey
FB-00390,N-0006,Northeast,2023-01-25,3,Loyalty Rewards,Store was a bit crowded.,True,Email Survey
FB-00251,N-0008,Northeast,2023-01-25,4,Drink Quality,Drink was good but had a short wait.,True,In-Store Kiosk
FB-00331,S-0010,Southeast,2023-01-25,4,App Experience,Usually consistent quality.,True,Email Survey
FB-00561,S-0002,Southeast,2023-01-27,4,Loyalty Rewards,Drink was good but had a short wait.,True,Email Survey
FB-00196,M-0003,Midwest,2023-01-28,4,Staff Friendliness,Good experience overall.,True,Google Review
FB-00217,S-0003,Southeast,2023-01-28,2,Loyalty Rewards,Out of my usual syrup again.,False,App
FB-00107,PN-0010,Pacific Northwest,2023-01-29,5,Service Speed,My drink was perfect.,True,In-Store Kiosk
FB-00594,M-0005,Mid-Atlantic,2023-01-29,5,Loyalty Rewards,Staff was incredibly friendly and welcoming.,True,In-Store Kiosk
FB-00396,S-0009,Southwest,2023-01-30,3,Service Speed,"Barista seemed new, but got it right eventually.",True,In-Store Kiosk
FB-00361,N-0006,Northeast,2023-01-31,3,Service Speed,Store was a bit crowded.,True,App
FB-00391,N-0006,Northeast,2023-02-02,4,App Experience,Drink was good but had a short wait.,True,Email Survey
FB-00117,M-0009,Mountain,2023-02-03,2,Food Quality,Wrong drink made twice.,True,App
FB-00418,WC-0006,West Coast,2023-02-03,4,Food Quality,Usually consistent quality.,True,In-Store Kiosk
FB-00055,N-0007,Northeast,2023-02-04,3,Service Speed,Drink was okay but took longer than usual.,True,In-Store Kiosk
FB-00108,WC-0010,West Coast,2023-02-04,2,Loyalty Rewards,Wrong drink made twice.,False,In-Store Kiosk
FB-00278,S-0010,Southeast,2023-02-08,3,Drink Quality,"Barista seemed new, but got it right eventually.",True,App
FB-00335,N-0001,Northeast,2023-02-08,3,App Experience,"Average visit, nothing special.",True,In-Store Kiosk
FB-00535,S-0008,Southwest,2023-02-09,4,Staff Friendliness,Usually consistent quality.,True,In-Store Kiosk
FB-00275,N-0004,Northeast,2023-02-13,3,App Experience,"Average visit, nothing special.",True,App
FB-00484,WC-0002,West Coast,2023-02-14,3,Staff Friendliness,"Average visit, nothing special.",True,Google Review
FB-00034,WC-0010,West Coast,2023-02-16,4,Service Speed,Drink was good but had a short wait.,True,Email Survey
FB-00569,PN-0005,Pacific Northwest,2023-02-16,4,Drink Quality,Usually consistent quality.,True,In-Store Kiosk
FB-00423,WC-0006,West Coast,2023-02-17,4,Loyalty Rewards,Drink was good but had a short wait.,True,In-Store Kiosk
FB-00581,M-0008,Mountain,2023-02-19,3,Drink Quality,"Barista seemed new, but got it right eventually.",True,Email Survey
FB-00176,M-0002,Mountain,2023-02-19,3,Cleanliness,Store was a bit crowded.,True,Google Review
FB-00314,S-0007,Southwest,2023-02-21,5,Loyalty Rewards,Excellent service!,True,Email Survey
FB-00266,S-0006,Southwest,2023-02-21,4,Loyalty Rewards,Good experience overall.,True,App
FB-00582,M-0003,Mountain,2023-02-22,4,Drink Quality,Clean store and helpful staff.,True,In-Store Kiosk
FB-00560,M-0010,Mountain,2023-02-22,4,Service Speed,Usually consistent quality.,True,Google Review
FB-00073,WC-0003,West Coast,2023-02-25,3,Food Quality,Store was a bit crowded.,True,In-Store Kiosk
FB-00439,PN-0004,Pacific Northwest,2023-02-27,4,Staff Friendliness,Usually consistent quality.,True,Email Survey
FB-00450,WC-0007,West Coast,2023-03-03,4,Service Speed,Mobile app worked great today.,True,Email Survey
FB-00205,S-0010,Southeast,2023-03-05,4,Service Speed,Good experience overall.,True,App
FB-00208,WC-0008,West Coast,2023-03-07,2,App Experience,Store was not clean.,True,Email Survey
FB-00254,WC-0006,West Coast,2023-03-07,4,Food Quality,Clean store and helpful staff.,True,Google Review
FB-00283,M-0007,Midwest,2023-03-09,1,Cleanliness,Waited 25 minutes for a latte.,True,App
FB-00285,PN-0009,Pacific Northwest,2023-03-10,4,App Experience,Usually consistent quality.,True,Google Review
FB-00471,WC-0007,West Coast,2023-03-12,3,Staff Friendliness,Store was a bit crowded.,True,Google Review
FB-00316,S-0001,Southeast,2023-03-12,4,Cleanliness,Drink was good but had a short wait.,True,Google Review
FB-00112,S-0001,Southeast,2023-03-14,3,Loyalty Rewards,"Barista seemed new, but got it right eventually.",True,Google Review
FB-00473,WC-0002,West Coast,2023-03-15,3,Loyalty Rewards,"Barista seemed new, but got it right eventually.",True,Google Review
FB-00301,S-0003,Southeast,2023-03-16,4,Service Speed,Drink was good but had a short wait.,True,Email Survey
FB-00246,WC-0003,West Coast,2023-03-16,4,Drink Quality,Mobile app worked great today.,True,App
FB-00113,S-0001,Southwest,2023-03-17,3,Staff Friendliness,"Average visit, nothing special.",True,App
FB-00537,M-0007,Midwest,2023-03-19,3,Food Quality,"Average visit, nothing special.",True,App
FB-00312,S-0010,Southeast,2023-03-19,3,Loyalty Rewards,Store was a bit crowded.,True,In-Store Kiosk
FB-00494,N-0007,Northeast,2023-03-20,3,Cleanliness,Drink was okay but took longer than usual.,True,Email Survey
FB-00012,M-0003,Midwest,2023-03-20,4,App Experience,Good experience overall.,True,Google Review
FB-00164,S-0005,Southwest,2023-03-21,2,App Experience,Store was not clean.,True,In-Store Kiosk
FB-00020,M-0007,Mountain,2023-03-21,3,Service Speed,Drink was okay but took longer than usual.,True,Email Survey
FB-00577,S-0001,Southeast,2023-03-23,5,Loyalty Rewards,Staff was incredibly friendly and welcoming.,True,In-Store Kiosk
FB-00178,M-0001,Mid-Atlantic,2023-03-26,4,Cleanliness,Usually consistent quality.,True,In-Store Kiosk
FB-00211,M-0004,Midwest,2023-03-26,3,Cleanliness,"Barista seemed new, but got it right eventually.",True,Google Review
FB-00427,WC-0004,West Coast,2023-03-29,3,App Experience,Drink was okay but took longer than usual.,True,Email Survey
FB-00412,S-0003,Southeast,2023-03-30,4,Food Quality,Usually consistent quality.,True,Google Review
FB-00321,PN-0008,Pacific Northwest,2023-04-02,3,App Experience,Drink was okay but took longer than usual.,True,App
FB-00325,N-0004,Northeast,2023-04-04,5,Cleanliness,App order was ready early.,True,In-Store Kiosk
FB-00156,N-0005,Northeast,2023-04-05,3,Service Speed,Store was a bit crowded.,True,Google Review
FB-00179,M-0007,Mid-Atlantic,2023-04-06,3,Drink Quality,"Barista seemed new, but got it right eventually.",True,App
FB-00280,S-0007,Southeast,2023-04-06,3,Service Speed,Store was a bit crowded.,True,Google Review
FB-00536,WC-0006,West Coast,2023-04-06,4,Food Quality,Mobile app worked great today.,True,App
FB-00233,M-0001,Midwest,2023-04-07,4,Service Speed,Usually consistent quality.,True,App
FB-00347,WC-0003,West Coast,2023-04-07,3,App Experience,"Average visit, nothing special.",True,Email Survey
FB-00515,PN-0004,Pacific Northwest,2023-04-07,3,Staff Friendliness,"Barista seemed new, but got it right eventually.",True,In-Store Kiosk
FB-00485,M-0010,Midwest,2023-04-07,4,Service Speed,Mobile app worked great today.,True,Google Review
FB-00495,M-0004,Mountain,2023-04-07,5,Cleanliness,Barista remembered my order.,True,App
FB-00202,N-0007,Northeast,2023-04-08,5,Food Quality,Love the new seasonal menu.,True,App
FB-00554,PN-0010,Pacific Northwest,2023-04-09,2,Loyalty Rewards,App charged me but order wasn't ready.,True,App
FB-00195,M-0003,Mid-Atlantic,2023-04-12,5,Cleanliness,Fastest drive-thru I've been to.,True,In-Store Kiosk
FB-00123,PN-0008,Pacific Northwest,2023-04-12,4,Loyalty Rewards,Good experience overall.,True,Google Review
FB-00013,S-0005,Southeast,2023-04-12,3,Drink Quality,Store was a bit crowded.,True,Email Survey
FB-00150,N-0005,Northeast,2023-04-13,5,Cleanliness,Barista remembered my order.,True,In-Store Kiosk
FB-00059,M-0001,Mid-Atlantic,2023-04-16,4,Staff Friendliness,Good experience overall.,True,Email Survey
FB-00085,M-0005,Midwest,2023-04-16,4,Staff Friendliness,Clean store and helpful staff.,True,App
FB-00349,PN-0001,Pacific Northwest,2023-04-17,2,Cleanliness,App charged me but order wasn't ready.,True,App
FB-00106,S-0001,Southeast,2023-04-18,5,Cleanliness,Excellent service!,True,In-Store Kiosk
FB-00101,S-0010,Southwest,2023-04-22,3,Cleanliness,Drink was okay but took longer than usual.,True,Email Survey
FB-00146,WC-0005,West Coast,2023-04-24,4,Loyalty Rewards,Drink was good but had a short wait.,True,App
FB-00065,N-0002,Northeast,2023-04-27,5,Loyalty Rewards,Barista remembered my order.,True,Email Survey
FB-00315,M-0010,Mid-Atlantic,2023-04-28,4,Service Speed,Usually consistent quality.,True,App
FB-00018,M-0003,Mountain,2023-04-30,3,App Experience,Drink was okay but took longer than usual.,True,Google Review
FB-00250,M-0006,Midwest,2023-04-30,5,Loyalty Rewards,Love the new seasonal menu.,True,Email Survey
FB-00160,M-0005,Mountain,2023-05-01,4,Food Quality,Usually consistent quality.,True,Google Review
FB-00503,S-0007,Southwest,2023-05-04,3,Loyalty Rewards,Drink was okay but took longer than usual.,True,App
FB-00240,WC-0006,West Coast,2023-05-04,4,Service Speed,Usually consistent quality.,True,Google Review
FB-00555,WC-0008,West Coast,2023-05-08,3,Loyalty Rewards,Drink was okay but took longer than usual.,True,App
FB-00299,M-0006,Midwest,2023-05-12,4,Food Quality,Clean store and helpful staff.,True,Google Review
FB-00063,S-0010,Southwest,2023-05-14,4,Drink Quality,Drink was good but had a short wait.,True,App
FB-00127,S-0002,Southeast,2023-05-16,3,Loyalty Rewards,"Barista seemed new, but got it right eventually.",True,Email Survey
FB-00219,N-0003,Northeast,2023-05-16,4,Drink Quality,Good experience overall.,True,App
FB-00491,PN-0003,Pacific Northwest,2023-05-19,4,Service Speed,Clean store and helpful staff.,True,App
FB-00124,S-0004,Southeast,2023-05-19,2,Loyalty Rewards,Wrong drink made twice.,True,Email Survey
FB-00062,M-0003,Midwest,2023-05-20,2,Staff Friendliness,Wrong drink made twice.,False,Email Survey
FB-00375,S-0001,Southwest,2023-05-20,3,Loyalty Rewards,Store was a bit crowded.,True,In-Store Kiosk
FB-00057,N-0006,Northeast,2023-05-22,4,Drink Quality,Usually consistent quality.,True,App
FB-00257,S-0002,Southeast,2023-05-22,4,Loyalty Rewards,Drink was good but had a short wait.,True,App
FB-00376,M-0007,Mountain,2023-05-23,4,Staff Friendliness,Mobile app worked great today.,True,Google Review
FB-00137,S-0001,Southeast,2023-05-23,3,Food Quality,Store was a bit crowded.,True,Email Survey
FB-00029,M-0005,Mountain,2023-05-24,4,Loyalty Rewards,Clean store and helpful staff.,True,App
FB-00064,PN-0007,Pacific Northwest,2023-05-24,5,Food Quality,Excellent service!,True,App
FB-00118,S-0005,Southwest,2023-05-28,5,Service Speed,Staff was incredibly friendly and welcoming.,True,In-Store Kiosk
FB-00422,M-0001,Midwest,2023-05-29,2,Staff Friendliness,Out of my usual syrup again.,True,Google Review
FB-00159,PN-0008,Pacific Northwest,2023-05-30,3,Drink Quality,Drink was okay but took longer than usual.,True,App
FB-00153,M-0009,Midwest,2023-06-01,5,Drink Quality,Barista remembered my order.,True,In-Store Kiosk
FB-00175,WC-0006,West Coast,2023-06-06,3,App Experience,"Barista seemed new, but got it right eventually.",True,App
FB-00058,S-0005,Southeast,2023-06-07,3,Service Speed,"Barista seemed new, but got it right eventually.",True,Google Review
FB-00143,S-0008,Southeast,2023-06-09,4,Cleanliness,Clean store and helpful staff.,True,In-Store Kiosk
FB-00530,M-0001,Midwest,2023-06-11,4,Food Quality,Usually consistent quality.,True,In-Store Kiosk
FB-00388,WC-0004,West Coast,2023-06-12,4,Loyalty Rewards,Clean store and helpful staff.,True,In-Store Kiosk
FB-00415,M-0007,Mid-Atlantic,2023-06-13,3,Service Speed,"Average visit, nothing special.",True,Google Review
FB-00234,M-0006,Mountain,2023-06-17,2,Food Quality,App charged me but order wasn't ready.,True,In-Store Kiosk
FB-00190,M-0005,Midwest,2023-06-18,3,Staff Friendliness,"Barista seemed new, but got it right eventually.",True,App
FB-00027,N-0010,Northeast,2023-06-18,3,Drink Quality,Drink was okay but took longer than usual.,True,Email Survey
FB-00470,WC-0001,West Coast,2023-06-19,3,Food Quality,Drink was okay but took longer than usual.,True,In-Store Kiosk
FB-00392,M-0008,Mountain,2023-06-19,4,Food Quality,Good experience overall.,True,App
FB-00413,PN-0007,Pacific Northwest,2023-06-20,3,Loyalty Rewards,"Barista seemed new, but got it right eventually.",True,Email Survey
FB-00500,M-0009,Mountain,2023-06-20,3,Food Quality,"Average visit, nothing special.",True,App
FB-00374,N-0007,Northeast,2023-06-22,3,Service Speed,"Average visit, nothing special.",True,Google Review
FB-00573,M-0007,Mid-Atlantic,2023-06-26,3,Loyalty Rewards,"Barista seemed new, but got it right eventually.",True,Email Survey
FB-00452,PN-0004,Pacific Northwest,2023-06-27,4,Service Speed,Mobile app worked great today.,True,In-Store Kiosk
FB-00589,M-0007,Mid-Atlantic,2023-06-27,5,Food Quality,My drink was perfect.,True,In-Store Kiosk
FB-00474,S-0005,Southeast,2023-06-28,5,Food Quality,App order was ready early.,True,App
FB-00440,N-0001,Northeast,2023-07-01,2,Service Speed,Long wait with no update.,True,Google Review
FB-00216,N-0006,Northeast,2023-07-01,4,Food Quality,Clean store and helpful staff.,True,Google Review
FB-00197,M-0009,Mid-Atlantic,2023-07-01,4,Service Speed,Usually consistent quality.,True,In-Store Kiosk
FB-00054,PN-0005,Pacific Northwest,2023-07-03,5,Food Quality,App order was ready early.,True,In-Store Kiosk
FB-00244,M-0008,Mountain,2023-07-03,4,App Experience,Drink was good but had a short wait.,True,Email Survey
FB-00192,WC-0006,West Coast,2023-07-05,4,Drink Quality,Good experience overall.,True,Email Survey
FB-00404,M-0007,Mountain,2023-07-07,2,Loyalty Rewards,Store was not clean.,False,App
FB-00207,M-0003,Mountain,2023-07-08,4,Loyalty Rewards,Usually consistent quality.,True,Google Review
FB-00070,S-0005,Southwest,2023-07-10,3,App Experience,"Barista seemed new, but got it right eventually.",True,Email Survey
FB-00464,S-0010,Southeast,2023-07-10,2,Cleanliness,App charged me but order wasn't ready.,True,In-Store Kiosk
FB-00356,PN-0003,Pacific Northwest,2023-07-11,2,App Experience,Out of my usual syrup again.,True,App
FB-00130,WC-0007,West Coast,2023-07-12,4,App Experience,Good experience overall.,True,In-Store Kiosk
FB-00487,S-0009,Southeast,2023-07-17,4,Service Speed,Good experience overall.,True,App
FB-00155,M-0009,Midwest,2023-07-17,3,Staff Friendliness,Store was a bit crowded.,True,App
FB-00045,S-0009,Southeast,2023-07-18,3,Service Speed,Store was a bit crowded.,True,App
FB-00469,M-0002,Mid-Atlantic,2023-07-20,4,App Experience,Mobile app worked great today.,True,Google Review
FB-00098,WC-0007,West Coast,2023-07-21,4,App Experience,Usually consistent quality.,True,Google Review
FB-00040,WC-0010,West Coast,2023-07-22,4,Drink Quality,Usually consistent quality.,True,App
FB-00383,PN-0009,Pacific Northwest,2023-07-23,3,Food Quality,Store was a bit crowded.,True,In-Store Kiosk
FB-00598,M-0006,Mid-Atlantic,2023-07-24,4,Staff Friendliness,Good experience overall.,True,App
FB-00311,M-0010,Mid-Atlantic,2023-07-25,4,Food Quality,Drink was good but had a short wait.,True,In-Store Kiosk
FB-00546,M-0004,Mountain,2023-07-26,4,Loyalty Rewards,Usually consistent quality.,True,In-Store Kiosk
FB-00084,M-0005,Midwest,2023-07-27,3,Food Quality,"Barista seemed new, but got it right eventually.",True,Google Review
FB-00291,S-0001,Southwest,2023-07-27,5,Service Speed,Barista remembered my order.,True,Email Survey
FB-00047,S-0005,Southeast,2023-07-31,4,App Experience,Good experience overall.,True,Email Survey
FB-00097,WC-0010,West Coast,2023-08-01,5,Service Speed,Barista remembered my order.,True,App
FB-00514,WC-0002,West Coast,2023-08-01,4,Food Quality,Mobile app worked great today.,True,Email Survey
FB-00284,PN-0009,Pacific Northwest,2023-08-01,4,Staff Friendliness,Drink was good but had a short wait.,True,Email Survey
FB-00599,PN-0008,Pacific Northwest,2023-08-01,3,Food Quality,Drink was okay but took longer than usual.,True,App
FB-00230,M-0010,Mountain,2023-08-02,4,Drink Quality,Clean store and helpful staff.,True,Email Survey
FB-00547,S-0005,Southwest,2023-08-02,4,Cleanliness,Usually consistent quality.,True,App
FB-00399,S-0005,Southeast,2023-08-03,4,Staff Friendliness,Drink was good but had a short wait.,True,App
FB-00499,S-0010,Southeast,2023-08-05,4,App Experience,Mobile app worked great today.,True,App
FB-00087,PN-0005,Pacific Northwest,2023-08-06,2,Food Quality,Store was not clean.,True,Email Survey
FB-00432,S-0008,Southeast,2023-08-07,5,Loyalty Rewards,Barista remembered my order.,True,App
FB-00109,WC-0005,West Coast,2023-08-09,3,Cleanliness,"Barista seemed new, but got it right eventually.",True,Google Review
FB-00460,S-0003,Southeast,2023-08-10,4,Cleanliness,Good experience overall.,True,Email Survey
FB-00134,S-0006,Southeast,2023-08-12,3,Staff Friendliness,"Average visit, nothing special.",True,Google Review
FB-00381,WC-0006,West Coast,2023-08-13,4,Staff Friendliness,Usually consistent quality.,True,App
FB-00235,M-0008,Mountain,2023-08-14,2,Loyalty Rewards,Store was not clean.,False,In-Store Kiosk
FB-00191,S-0004,Southwest,2023-08-15,5,Food Quality,Barista remembered my order.,True,Email Survey
FB-00199,N-0007,Northeast,2023-08-15,3,Drink Quality,Store was a bit crowded.,True,App
FB-00066,WC-0004,West Coast,2023-08-17,4,App Experience,Good experience overall.,True,In-Store Kiosk
FB-00405,PN-0008,Pacific Northwest,2023-08-17,4,App Experience,Drink was good but had a short wait.,True,Email Survey
FB-00105,M-0009,Mountain,2023-08-18,3,Drink Quality,Store was a bit crowded.,True,In-Store Kiosk
FB-00507,PN-0009,Pacific Northwest,2023-08-19,3,Staff Friendliness,"Barista seemed new, but got it right eventually.",True,In-Store Kiosk
FB-00204,PN-0010,Pacific Northwest,2023-08-20,4,Cleanliness,Mobile app worked great today.,True,Google Review
FB-00420,S-0005,Southwest,2023-08-23,4,Loyalty Rewards,Mobile app worked great today.,True,App
FB-00384,WC-0009,West Coast,2023-08-23,4,Food Quality,Usually consistent quality.,True,Google Review
FB-00339,N-0010,Northeast,2023-08-24,5,Service Speed,Fastest drive-thru I've been to.,True,In-Store Kiosk
FB-00200,S-0002,Southwest,2023-08-25,3,App Experience,Drink was okay but took longer than usual.,True,App
FB-00177,M-0004,Mid-Atlantic,2023-08-28,4,Cleanliness,Usually consistent quality.,True,Email Survey
FB-00038,M-0004,Mid-Atlantic,2023-08-28,4,Service Speed,Usually consistent quality.,True,Email Survey
FB-00333,N-0004,Northeast,2023-08-29,3,Staff Friendliness,"Barista seemed new, but got it right eventually.",True,In-Store Kiosk
FB-00402,S-0003,Southeast,2023-09-02,1,Food Quality,Drink was completely wrong.,True,Email Survey
FB-00203,S-0010,Southeast,2023-09-03,3,Food Quality,Drink was okay but took longer than usual.,True,In-Store Kiosk
FB-00466,M-0007,Midwest,2023-09-04,4,App Experience,Usually consistent quality.,True,Google Review
FB-00271,N-0005,Northeast,2023-09-05,4,Service Speed,Usually consistent quality.,True,Google Review
FB-00516,N-0010,Northeast,2023-09-06,5,Service Speed,Staff was incredibly friendly and welcoming.,True,Google Review
FB-00323,WC-0007,West Coast,2023-09-06,4,Food Quality,Mobile app worked great today.,True,Google Review
FB-00389,WC-0005,West Coast,2023-09-07,4,Loyalty Rewards,Clean store and helpful staff.,True,Email Survey
FB-00068,S-0003,Southwest,2023-09-07,4,Food Quality,Mobile app worked great today.,True,Email Survey
FB-00093,S-0001,Southeast,2023-09-08,4,Service Speed,Clean store and helpful staff.,True,In-Store Kiosk
FB-00222,S-0006,Southwest,2023-09-09,4,Drink Quality,Drink was good but had a short wait.,True,In-Store Kiosk
FB-00424,S-0002,Southwest,2023-09-10,2,Staff Friendliness,Long wait with no update.,True,Email Survey
FB-00411,M-0004,Mid-Atlantic,2023-09-11,4,Cleanliness,Usually consistent quality.,True,Google Review
FB-00574,S-0007,Southeast,2023-09-13,5,App Experience,App order was ready early.,True,Email Survey
FB-00061,M-0007,Mountain,2023-09-13,5,Drink Quality,Staff was incredibly friendly and welcoming.,True,In-Store Kiosk
FB-00185,S-0003,Southwest,2023-09-14,5,Drink Quality,Barista remembered my order.,True,Email Survey
FB-00477,M-0001,Mid-Atlantic,2023-09-14,3,Cleanliness,Store was a bit crowded.,True,Google Review
FB-00048,S-0002,Southeast,2023-09-14,5,Drink Quality,My drink was perfect.,True,Google Review
FB-00457,M-0002,Midwest,2023-09-21,4,Food Quality,Good experience overall.,True,App
FB-00265,S-0003,Southwest,2023-09-25,5,App Experience,Fastest drive-thru I've been to.,True,App
FB-00596,WC-0001,West Coast,2023-09-29,4,Loyalty Rewards,Drink was good but had a short wait.,True,App
FB-00591,M-0008,Mid-Atlantic,2023-09-29,4,Loyalty Rewards,Clean store and helpful staff.,True,Email Survey
FB-00290,PN-0009,Pacific Northwest,2023-10-02,5,Cleanliness,My drink was perfect.,True,Google Review
FB-00529,WC-0005,West Coast,2023-10-02,3,Drink Quality,Store was a bit crowded.,True,Email Survey
FB-00444,S-0001,Southwest,2023-10-06,4,Service Speed,Mobile app worked great today.,True,In-Store Kiosk
FB-00095,N-0002,Northeast,2023-10-08,5,App Experience,Love the new seasonal menu.,True,Google Review
FB-00186,N-0001,Northeast,2023-10-08,4,Service Speed,Clean store and helpful staff.,True,In-Store Kiosk
FB-00371,N-0008,Northeast,2023-10-09,1,Drink Quality,App crashed during payment.,True,App
FB-00021,M-0004,Mountain,2023-10-12,3,Drink Quality,"Average visit, nothing special.",True,In-Store Kiosk
FB-00567,PN-0001,Pacific Northwest,2023-10-12,4,Staff Friendliness,Good experience overall.,True,Email Survey
FB-00236,M-0003,Mid-Atlantic,2023-10-14,3,Staff Friendliness,Store was a bit crowded.,True,In-Store Kiosk
FB-00588,M-0005,Mid-Atlantic,2023-10-14,3,Loyalty Rewards,Store was a bit crowded.,True,Google Review
FB-00393,M-0004,Mid-Atlantic,2023-10-15,4,Drink Quality,Mobile app worked great today.,True,In-Store Kiosk
FB-00544,WC-0003,West Coast,2023-10-15,2,Food Quality,Long wait with no update.,False,Google Review
FB-00114,M-0001,Mountain,2023-10-17,4,App Experience,Mobile app worked great today.,True,App
FB-00133,S-0006,Southeast,2023-10-18,5,Service Speed,Excellent service!,True,In-Store Kiosk
FB-00557,S-0005,Southwest,2023-10-19,2,Food Quality,Out of my usual syrup again.,True,Google Review
FB-00549,WC-0003,West Coast,2023-10-19,2,Drink Quality,Out of my usual syrup again.,False,In-Store Kiosk
FB-00210,S-0001,Southwest,2023-10-20,2,Loyalty Rewards,Store was not clean.,True,In-Store Kiosk
FB-00308,S-0004,Southwest,2023-10-22,3,Loyalty Rewards,Store was a bit crowded.,True,App
FB-00165,S-0005,Southeast,2023-10-22,4,Cleanliness,Mobile app worked great today.,True,Google Review
FB-00320,S-0006,Southwest,2023-10-23,4,App Experience,Mobile app worked great today.,True,In-Store Kiosk
FB-00328,M-0003,Mid-Atlantic,2023-10-25,5,Service Speed,Excellent service!,True,App
FB-00267,S-0006,Southeast,2023-10-26,4,Cleanliness,Good experience overall.,True,Google Review
FB-00426,S-0006,Southeast,2023-10-27,4,App Experience,Good experience overall.,True,Email Survey
FB-00248,M-0004,Midwest,2023-10-27,4,Cleanliness,Clean store and helpful staff.,True,App
FB-00258,N-0009,Northeast,2023-10-27,5,App Experience,Fastest drive-thru I've been to.,True,In-Store Kiosk
FB-00302,M-0004,Midwest,2023-10-30,4,Food Quality,Usually consistent quality.,True,Google Review
FB-00475,PN-0003,Pacific Northwest,2023-10-30,4,App Experience,Drink was good but had a short wait.,True,App
FB-00142,PN-0009,Pacific Northwest,2023-10-31,3,Drink Quality,Drink was okay but took longer than usual.,True,Google Review
FB-00005,S-0003,Southwest,2023-11-04,4,Service Speed,Clean store and helpful staff.,True,Email Survey
FB-00571,M-0002,Mid-Atlantic,2023-11-04,5,Service Speed,Staff was incredibly friendly and welcoming.,True,In-Store Kiosk
FB-00398,M-0001,Midwest,2023-11-04,3,Staff Friendliness,"Average visit, nothing special.",True,In-Store Kiosk
FB-00183,WC-0005,West Coast,2023-11-05,5,Cleanliness,Staff was incredibly friendly and welcoming.,True,Google Review
FB-00051,PN-0007,Pacific Northwest,2023-11-05,3,Drink Quality,Store was a bit crowded.,True,Google Review
FB-00125,N-0003,Northeast,2023-11-07,5,Cleanliness,App order was ready early.,True,App
FB-00343,PN-0010,Pacific Northwest,2023-11-07,3,Loyalty Rewards,"Barista seemed new, but got it right eventually.",True,Email Survey
FB-00028,S-0008,Southeast,2023-11-08,3,Loyalty Rewards,"Barista seemed new, but got it right eventually.",True,Email Survey
FB-00274,S-0008,Southwest,2023-11-14,3,Cleanliness,Store was a bit crowded.,True,Email Survey
FB-00226,M-0010,Midwest,2023-11-16,3,Drink Quality,"Average visit, nothing special.",True,App
FB-00115,N-0001,Northeast,2023-11-16,4,Food Quality,Drink was good but had a short wait.,True,App
FB-00386,WC-0009,West Coast,2023-11-17,4,Drink Quality,Drink was good but had a short wait.,True,App
FB-00449,S-0001,Southeast,2023-11-18,4,Service Speed,Drink was good but had a short wait.,True,In-Store Kiosk
FB-00042,M-0010,Mid-Atlantic,2023-11-21,4,Drink Quality,Good experience overall.,True,In-Store Kiosk
FB-00276,M-0009,Mountain,2023-11-22,3,Cleanliness,Store was a bit crowded.,True,Google Review
FB-00120,N-0004,Northeast,2023-11-23,5,Drink Quality,Excellent service!,True,Google Review
FB-00430,S-0002,Southeast,2023-11-25,4,Service Speed,Clean store and helpful staff.,True,In-Store Kiosk
FB-00509,M-0003,Midwest,2023-11-26,2,Loyalty Rewards,Store was not clean.,False,Email Survey
FB-00172,PN-0009,Pacific Northwest,2023-11-27,4,Staff Friendliness,Clean store and helpful staff.,True,Email Survey
FB-00136,PN-0003,Pacific Northwest,2023-11-27,3,Drink Quality,"Barista seemed new, but got it right eventually.",True,Email Survey
FB-00358,S-0003,Southeast,2023-11-28,3,Staff Friendliness,"Barista seemed new, but got it right eventually.",True,Google Review
FB-00099,M-0003,Mountain,2023-11-28,4,Food Quality,Usually consistent quality.,True,In-Store Kiosk
FB-00563,M-0007,Mountain,2023-11-30,4,Service Speed,Usually consistent quality.,True,App
FB-00119,WC-0009,West Coast,2023-12-04,3,Staff Friendliness,Store was a bit crowded.,True,In-Store Kiosk
FB-00187,WC-0002,West Coast,2023-12-05,3,Staff Friendliness,Drink was okay but took longer than usual.,True,Google Review
FB-00401,M-0010,Mid-Atlantic,2023-12-05,3,Drink Quality,"Average visit, nothing special.",True,App
FB-00212,S-0005,Southeast,2023-12-06,3,Cleanliness,Store was a bit crowded.,True,Google Review
FB-00035,N-0003,Northeast,2023-12-09,4,Staff Friendliness,Good experience overall.,True,In-Store Kiosk
FB-00338,WC-0002,West Coast,2023-12-10,5,App Experience,Love the new seasonal menu.,True,In-Store Kiosk
FB-00289,M-0008,Mid-Atlantic,2023-12-10,3,App Experience,"Average visit, nothing special.",True,App
FB-00562,M-0002,Mid-Atlantic,2023-12-11,3,Cleanliness,"Barista seemed new, but got it right eventually.",True,Email Survey
FB-00370,S-0003,Southeast,2023-12-15,2,Food Quality,Wrong drink made twice.,False,Google Review
FB-00272,M-0009,Mountain,2023-12-15,3,Service Speed,Drink was okay but took longer than usual.,True,Email Survey
FB-00406,PN-0005,Pacific Northwest,2023-12-17,4,Service Speed,Usually consistent quality.,True,Google Review
FB-00421,WC-0009,West Coast,2023-12-19,5,Loyalty Rewards,Excellent service!,True,Email Survey
FB-00168,M-0004,Mountain,2023-12-19,4,Cleanliness,Mobile app worked great today.,True,App
FB-00372,M-0010,Mountain,2023-12-19,5,Drink Quality,Barista remembered my order.,True,In-Store Kiosk
FB-00009,M-0002,Midwest,2023-12-20,5,Food Quality,App order was ready early.,True,Email Survey
FB-00344,M-0001,Mid-Atlantic,2023-12-22,3,Food Quality,Drink was okay but took longer than usual.,True,App
FB-00006,S-0009,Southeast,2023-12-22,4,Food Quality,Usually consistent quality.,True,In-Store Kiosk
FB-00303,S-0001,Southwest,2023-12-24,4,Food Quality,Clean store and helpful staff.,True,Google Review
FB-00345,S-0001,Southeast,2023-12-24,3,Food Quality,Drink was okay but took longer than usual.,True,In-Store Kiosk
FB-00397,PN-0009,Pacific Northwest,2023-12-26,4,Service Speed,Usually consistent quality.,True,App
FB-00091,M-0002,Mountain,2023-12-29,4,Loyalty Rewards,Drink was good but had a short wait.,True,App
FB-00593,M-0010,Midwest,2023-12-29,4,Loyalty Rewards,Drink was good but had a short wait.,True,Google Review
FB-00076,M-0004,Mid-Atlantic,2023-12-31,3,Cleanliness,"Average visit, nothing special.",True,Email Survey
FB-00282,M-0008,Mountain,2023-12-31,2,App Experience,Out of my usual syrup again.,False,In-Store Kiosk
FB-00403,M-0007,Midwest,2024-01-02,2,Drink Quality,App charged me but order wasn't ready.,True,In-Store Kiosk
FB-00201,WC-0009,West Coast,2024-01-02,4,Service Speed,Drink was good but had a short wait.,True,In-Store Kiosk
FB-00024,M-0008,Mountain,2024-01-02,4,App Experience,Good experience overall.,True,App
FB-00518,M-0005,Mountain,2024-01-07,3,Loyalty Rewards,"Barista seemed new, but got it right eventually.",True,In-Store Kiosk
FB-00462,PN-0005,Pacific Northwest,2024-01-08,4,Cleanliness,Mobile app worked great today.,True,Google Review
FB-00067,S-0003,Southwest,2024-01-08,3,Drink Quality,"Barista seemed new, but got it right eventually.",True,App
FB-00387,M-0008,Mid-Atlantic,2024-01-09,3,App Experience,"Barista seemed new, but got it right eventually.",True,App
FB-00326,M-0007,Mountain,2024-01-09,4,Drink Quality,Mobile app worked great today.,True,In-Store Kiosk
FB-00459,WC-0009,West Coast,2024-01-09,4,Loyalty Rewards,Good experience overall.,True,Email Survey
FB-00237,S-0008,Southwest,2024-01-10,5,Food Quality,My drink was perfect.,True,Email Survey
FB-00144,PN-0007,Pacific Northwest,2024-01-11,3,Service Speed,Store was a bit crowded.,True,Google Review
FB-00379,M-0010,Mountain,2024-01-12,3,Cleanliness,"Barista seemed new, but got it right eventually.",True,Email Survey
FB-00140,N-0001,Northeast,2024-01-14,3,Service Speed,Store was a bit crowded.,True,Google Review
FB-00080,WC-0008,West Coast,2024-01-14,2,Drink Quality,Long wait with no update.,True,Email Survey
FB-00586,S-0004,Southwest,2024-01-15,4,Cleanliness,Clean store and helpful staff.,True,App
FB-00468,S-0001,Southwest,2024-01-17,3,Staff Friendliness,"Barista seemed new, but got it right eventually.",True,In-Store Kiosk
FB-00157,S-0004,Southeast,2024-01-17,3,Loyalty Rewards,"Average visit, nothing special.",True,App
FB-00033,M-0008,Mid-Atlantic,2024-01-20,5,Loyalty Rewards,Fastest drive-thru I've been to.,True,App
FB-00305,M-0002,Mid-Atlantic,2024-01-21,4,Staff Friendliness,Mobile app worked great today.,True,Google Review
FB-00224,S-0003,Southeast,2024-01-23,3,Loyalty Rewards,Store was a bit crowded.,True,Email Survey
FB-00094,M-0003,Mid-Atlantic,2024-01-24,5,Service Speed,My drink was perfect.,True,In-Store Kiosk
FB-00540,S-0008,Southwest,2024-01-27,1,Food Quality,Dirty tables and counters.,True,Google Review
FB-00198,M-0007,Midwest,2024-01-27,3,App Experience,Drink was okay but took longer than usual.,True,Google Review
FB-00483,M-0001,Mid-Atlantic,2024-01-28,4,Staff Friendliness,Mobile app worked great today.,True,In-Store Kiosk
FB-00242,M-0006,Mountain,2024-01-28,5,App Experience,Fastest drive-thru I've been to.,True,App
FB-00030,S-0009,Southeast,2024-01-28,2,Drink Quality,App charged me but order wasn't ready.,True,Google Review
FB-00538,S-0006,Southwest,2024-01-28,4,Staff Friendliness,Mobile app worked great today.,True,Email Survey
FB-00362,M-0002,Mid-Atlantic,2024-02-01,4,Staff Friendliness,Clean store and helpful staff.,True,In-Store Kiosk
FB-00193,M-0009,Midwest,2024-02-01,3,Drink Quality,"Average visit, nothing special.",True,Email Survey
FB-00135,M-0003,Mountain,2024-02-02,2,Service Speed,App charged me but order wasn't ready.,True,Email Survey
FB-00288,WC-0003,West Coast,2024-02-02,4,Cleanliness,Drink was good but had a short wait.,True,App
FB-00078,WC-0008,West Coast,2024-02-04,3,Drink Quality,Store was a bit crowded.,True,In-Store Kiosk
FB-00139,PN-0007,Pacific Northwest,2024-02-04,3,App Experience,Store was a bit crowded.,True,In-Store Kiosk
FB-00590,M-0004,Mountain,2024-02-06,3,Cleanliness,Store was a bit crowded.,True,App
FB-00463,M-0010,Midwest,2024-02-09,3,Staff Friendliness,Store was a bit crowded.,True,Google Review
FB-00102,N-0004,Northeast,2024-02-09,3,Loyalty Rewards,Store was a bit crowded.,True,App
FB-00350,M-0008,Mid-Atlantic,2024-02-12,3,Loyalty Rewards,Drink was okay but took longer than usual.,True,In-Store Kiosk
FB-00443,PN-0009,Pacific Northwest,2024-02-14,4,Cleanliness,Clean store and helpful staff.,True,App
FB-00488,M-0010,Mid-Atlantic,2024-02-15,5,Food Quality,Excellent service!,True,Google Review
FB-00521,S-0007,Southeast,2024-02-15,3,App Experience,"Average visit, nothing special.",True,App
FB-00467,S-0003,Southeast,2024-02-16,3,Loyalty Rewards,"Barista seemed new, but got it right eventually.",True,Google Review
FB-00306,PN-0007,Pacific Northwest,2024-02-17,3,Loyalty Rewards,"Barista seemed new, but got it right eventually.",True,Google Review
FB-00322,WC-0010,West Coast,2024-02-17,5,Cleanliness,Love the new seasonal menu.,True,App
FB-00026,WC-0005,West Coast,2024-02-18,3,Service Speed,Store was a bit crowded.,True,Email Survey
FB-00077,M-0007,Midwest,2024-02-18,3,Staff Friendliness,Store was a bit crowded.,True,App
FB-00016,M-0009,Midwest,2024-02-19,4,Staff Friendliness,Drink was good but had a short wait.,True,In-Store Kiosk
FB-00151,N-0008,Northeast,2024-02-22,3,Drink Quality,Drink was okay but took longer than usual.,True,App
FB-00373,S-0004,Southwest,2024-02-22,4,App Experience,Drink was good but had a short wait.,True,App
FB-00497,M-0003,Mid-Atlantic,2024-02-29,4,Service Speed,Clean store and helpful staff.,True,Email Survey
FB-00533,S-0006,Southeast,2024-03-02,3,Staff Friendliness,"Average visit, nothing special.",True,Email Survey
FB-00079,N-0010,Northeast,2024-03-02,4,Cleanliness,Usually consistent quality.,True,App
FB-00476,M-0009,Mountain,2024-03-07,4,Drink Quality,Clean store and helpful staff.,True,Email Survey
FB-00243,M-0001,Midwest,2024-03-07,3,Loyalty Rewards,Drink was okay but took longer than usual.,True,Google Review
FB-00553,M-0010,Mountain,2024-03-08,3,Staff Friendliness,Store was a bit crowded.,True,In-Store Kiosk
FB-00281,M-0009,Mountain,2024-03-08,4,Service Speed,Good experience overall.,True,Google Review
FB-00414,S-0003,Southeast,2024-03-10,3,Service Speed,Store was a bit crowded.,True,App
FB-00340,M-0007,Mid-Atlantic,2024-03-10,4,Service Speed,Drink was good but had a short wait.,True,Google Review
FB-00017,N-0003,Northeast,2024-03-10,3,Loyalty Rewards,Store was a bit crowded.,True,App
FB-00295,PN-0005,Pacific Northwest,2024-03-12,5,Service Speed,Barista remembered my order.,True,App
FB-00239,WC-0010,West Coast,2024-03-12,3,Drink Quality,Drink was okay but took longer than usual.,True,Email Survey
FB-00215,M-0008,Mid-Atlantic,2024-03-14,4,Cleanliness,Clean store and helpful staff.,True,Email Survey
FB-00351,M-0004,Mountain,2024-03-18,4,App Experience,Mobile app worked great today.,True,Email Survey
FB-00346,N-0010,Northeast,2024-03-19,4,Cleanliness,Drink was good but had a short wait.,True,Google Review
FB-00359,M-0003,Mid-Atlantic,2024-03-20,3,Staff Friendliness,"Barista seemed new, but got it right eventually.",True,Google Review
FB-00436,S-0008,Southwest,2024-03-21,2,Loyalty Rewards,App charged me but order wasn't ready.,False,App
FB-00417,PN-0002,Pacific Northwest,2024-03-22,4,Food Quality,Clean store and helpful staff.,True,App
FB-00229,M-0005,Midwest,2024-03-23,5,Staff Friendliness,Love the new seasonal menu.,True,Google Review
FB-00023,S-0004,Southeast,2024-03-24,4,Cleanliness,Mobile app worked great today.,True,In-Store Kiosk
FB-00245,N-0010,Northeast,2024-03-27,4,App Experience,Drink was good but had a short wait.,True,Email Survey
FB-00419,M-0007,Midwest,2024-03-27,4,Drink Quality,Good experience overall.,True,In-Store Kiosk
FB-00081,M-0005,Midwest,2024-03-28,2,Loyalty Rewards,Store was not clean.,True,Google Review
FB-00011,M-0002,Mountain,2024-03-28,3,Service Speed,Store was a bit crowded.,True,App
FB-00071,WC-0010,West Coast,2024-03-29,4,Cleanliness,Good experience overall.,True,In-Store Kiosk
FB-00213,WC-0004,West Coast,2024-03-30,3,Service Speed,"Average visit, nothing special.",True,Email Survey
FB-00336,S-0009,Southeast,2024-03-30,2,App Experience,Wrong drink made twice.,True,Email Survey
FB-00354,M-0007,Mountain,2024-03-30,4,App Experience,Mobile app worked great today.,True,App
FB-00394,N-0008,Northeast,2024-04-02,3,Drink Quality,"Barista seemed new, but got it right eventually.",True,In-Store Kiosk
FB-00587,M-0001,Mid-Atlantic,2024-04-04,5,Drink Quality,Staff was incredibly friendly and welcoming.,True,App
FB-00558,M-0007,Mountain,2024-04-05,3,App Experience,Store was a bit crowded.,True,Google Review
FB-00015,S-0008,Southwest,2024-04-05,4,Staff Friendliness,Good experience overall.,True,In-Store Kiosk
FB-00277,S-0008,Southeast,2024-04-06,4,App Experience,Usually consistent quality.,True,App
FB-00252,S-0005,Southeast,2024-04-08,4,App Experience,Drink was good but had a short wait.,True,In-Store Kiosk
FB-00227,N-0004,Northeast,2024-04-09,5,Loyalty Rewards,Fastest drive-thru I've been to.,True,In-Store Kiosk
FB-00458,M-0001,Mid-Atlantic,2024-04-12,3,Service Speed,"Barista seemed new, but got it right eventually.",True,In-Store Kiosk
FB-00050,S-0009,Southeast,2024-04-12,2,Service Speed,Wrong drink made twice.,True,Google Review
FB-00019,M-0008,Mountain,2024-04-15,3,Service Speed,"Barista seemed new, but got it right eventually.",True,Google Review
FB-00496,M-0010,Midwest,2024-04-17,5,Staff Friendliness,Staff was incredibly friendly and welcoming.,True,Email Survey
FB-00292,S-0003,Southwest,2024-04-18,3,Drink Quality,"Barista seemed new, but got it right eventually.",True,Google Review
FB-00161,N-0010,Northeast,2024-04-20,4,App Experience,Drink was good but had a short wait.,True,App
FB-00595,M-0007,Mid-Atlantic,2024-04-21,4,Cleanliness,Mobile app worked great today.,True,Google Review
FB-00425,M-0007,Mid-Atlantic,2024-04-22,5,Drink Quality,Love the new seasonal menu.,True,App
FB-00597,M-0007,Mid-Atlantic,2024-04-23,3,Staff Friendliness,"Average visit, nothing special.",True,Email Survey
FB-00377,PN-0004,Pacific Northwest,2024-04-25,4,Loyalty Rewards,Usually consistent quality.,True,App
FB-00238,M-0010,Mountain,2024-04-25,3,Cleanliness,Store was a bit crowded.,True,Google Review
FB-00298,M-0008,Mid-Atlantic,2024-04-25,2,Cleanliness,Wrong drink made twice.,False,Email Survey
FB-00008,WC-0007,West Coast,2024-04-27,5,Food Quality,Fastest drive-thru I've been to.,True,Google Review
FB-00570,M-0002,Mountain,2024-04-27,3,Loyalty Rewards,Drink was okay but took longer than usual.,True,Email Survey
FB-00410,M-0003,Mountain,2024-04-30,2,Drink Quality,Out of my usual syrup again.,True,Google Review
FB-00408,S-0002,Southeast,2024-05-03,3,Food Quality,Store was a bit crowded.,True,Email Survey
FB-00523,M-0001,Mid-Atlantic,2024-05-04,3,Food Quality,Drink was okay but took longer than usual.,True,App
FB-00508,S-0003,Southeast,2024-05-08,4,Loyalty Rewards,Usually consistent quality.,True,In-Store Kiosk
FB-00456,M-0007,Mid-Atlantic,2024-05-08,2,Drink Quality,Wrong drink made twice.,False,Email Survey
FB-00128,PN-0003,Pacific Northwest,2024-05-11,3,Food Quality,"Average visit, nothing special.",True,In-Store Kiosk
FB-00498,M-0004,Mountain,2024-05-14,4,App Experience,Mobile app worked great today.,True,App
FB-00249,WC-0006,West Coast,2024-05-19,4,Food Quality,Mobile app worked great today.,True,Google Review
FB-00511,S-0005,Southeast,2024-05-20,3,Loyalty Rewards,"Barista seemed new, but got it right eventually.",True,In-Store Kiosk
FB-00385,M-0007,Midwest,2024-05-21,3,Drink Quality,"Barista seemed new, but got it right eventually.",True,Google Review
FB-00472,M-0003,Mountain,2024-05-21,2,Cleanliness,Long wait with no update.,True,App
FB-00441,S-0009,Southwest,2024-05-21,4,App Experience,Mobile app worked great today.,True,App
FB-00534,S-0005,Southeast,2024-05-21,4,Staff Friendliness,Drink was good but had a short wait.,True,App
FB-00044,S-0008,Southwest,2024-05-22,4,Food Quality,Clean store and helpful staff.,True,Google Review
FB-00332,S-0003,Southwest,2024-05-22,4,Service Speed,Clean store and helpful staff.,True,In-Store Kiosk
FB-00225,M-0004,Mountain,2024-05-24,3,Service Speed,"Average visit, nothing special.",True,Email Survey
FB-00189,M-0003,Mountain,2024-05-25,3,App Experience,"Barista seemed new, but got it right eventually.",True,App
FB-00501,S-0001,Southwest,2024-05-26,4,Service Speed,Clean store and helpful staff.,True,Google Review
FB-00056,N-0003,Northeast,2024-05-29,4,Cleanliness,Usually consistent quality.,True,Email Survey
FB-00317,N-0001,Northeast,2024-05-31,4,Service Speed,Drink was good but had a short wait.,True,Google Review
FB-00447,M-0009,Mountain,2024-06-01,5,Service Speed,Excellent service!,True,App
FB-00002,S-0002,Southwest,2024-06-05,5,Cleanliness,Love the new seasonal menu.,True,In-Store Kiosk
FB-00478,M-0010,Mountain,2024-06-06,3,Cleanliness,"Average visit, nothing special.",True,In-Store Kiosk
FB-00129,M-0008,Mountain,2024-06-06,4,Staff Friendliness,Clean store and helpful staff.,True,Google Review
FB-00072,WC-0010,West Coast,2024-06-08,3,Cleanliness,"Barista seemed new, but got it right eventually.",True,In-Store Kiosk
FB-00181,S-0001,Southwest,2024-06-08,3,Staff Friendliness,Drink was okay but took longer than usual.,True,Google Review
FB-00545,M-0003,Mountain,2024-06-08,4,Food Quality,Drink was good but had a short wait.,True,Email Survey
FB-00576,S-0006,Southwest,2024-06-08,4,Staff Friendliness,Drink was good but had a short wait.,True,App
FB-00486,M-0003,Midwest,2024-06-09,4,Drink Quality,Usually consistent quality.,True,Google Review
FB-00092,S-0007,Southeast,2024-06-11,3,Food Quality,Drink was okay but took longer than usual.,True,Google Review
FB-00493,M-0006,Mountain,2024-06-13,3,Food Quality,"Average visit, nothing special.",True,App
FB-00256,S-0003,Southwest,2024-06-16,3,Cleanliness,Drink was okay but took longer than usual.,True,App
FB-00453,S-0007,Southeast,2024-06-19,2,Service Speed,App charged me but order wasn't ready.,False,App
FB-00269,N-0004,Northeast,2024-06-20,4,Food Quality,Mobile app worked great today.,True,App
FB-00489,PN-0008,Pacific Northwest,2024-06-22,4,App Experience,Mobile app worked great today.,True,Email Survey
FB-00365,S-0005,Southeast,2024-06-22,4,Cleanliness,Good experience overall.,True,App
FB-00279,M-0010,Mountain,2024-06-23,3,Food Quality,Drink was okay but took longer than usual.,True,Google Review
FB-00337,N-0003,Northeast,2024-06-23,4,Food Quality,Drink was good but had a short wait.,True,Email Survey
FB-00504,M-0010,Mid-Atlantic,2024-06-23,5,Staff Friendliness,Fastest drive-thru I've been to.,True,App
FB-00341,M-0003,Mountain,2024-06-30,4,Food Quality,Good experience overall.,True,App
FB-00110,S-0005,Southwest,2024-06-30,4,Loyalty Rewards,Good experience overall.,True,Email Survey
FB-00037,M-0003,Midwest,2024-06-30,2,App Experience,Long wait with no update.,True,Email Survey
FB-00364,PN-0002,Pacific Northwest,2024-07-01,4,App Experience,Clean store and helpful staff.,True,App
FB-00188,S-0006,Southeast,2024-07-01,2,Staff Friendliness,Store was not clean.,True,App
FB-00154,WC-0001,West Coast,2024-07-02,4,Staff Friendliness,Clean store and helpful staff.,True,Email Survey
FB-00446,WC-0002,West Coast,2024-07-03,3,Food Quality,Drink was okay but took longer than usual.,True,In-Store Kiosk
FB-00585,S-0002,Southwest,2024-07-04,5,Service Speed,App order was ready early.,True,In-Store Kiosk
FB-00089,S-0007,Southeast,2024-07-05,4,Drink Quality,Usually consistent quality.,True,Google Review
FB-00327,WC-0007,West Coast,2024-07-05,3,Staff Friendliness,Store was a bit crowded.,True,In-Store Kiosk
FB-00223,M-0002,Mid-Atlantic,2024-07-06,5,Staff Friendliness,Love the new seasonal menu.,True,In-Store Kiosk
FB-00480,N-0005,Northeast,2024-07-08,4,Drink Quality,Clean store and helpful staff.,True,In-Store Kiosk
FB-00380,N-0007,Northeast,2024-07-09,2,Cleanliness,Long wait with no update.,True,Email Survey
FB-00122,S-0004,Southeast,2024-07-10,3,Cleanliness,"Average visit, nothing special.",True,App
FB-00259,M-0005,Mountain,2024-07-10,4,Drink Quality,Drink was good but had a short wait.,True,In-Store Kiosk
FB-00173,WC-0001,West Coast,2024-07-11,4,Loyalty Rewards,Usually consistent quality.,True,In-Store Kiosk
FB-00111,N-0010,Northeast,2024-07-12,5,Loyalty Rewards,App order was ready early.,True,Email Survey
FB-00492,S-0005,Southeast,2024-07-13,3,Loyalty Rewards,"Barista seemed new, but got it right eventually.",True,Email Survey
FB-00329,M-0001,Midwest,2024-07-13,5,Cleanliness,App order was ready early.,True,App
FB-00218,PN-0008,Pacific Northwest,2024-07-14,3,Service Speed,"Barista seemed new, but got it right eventually.",True,App
FB-00360,WC-0001,West Coast,2024-07-16,3,Loyalty Rewards,Drink was okay but took longer than usual.,True,Email Survey
FB-00075,WC-0010,West Coast,2024-07-17,4,Food Quality,Usually consistent quality.,True,In-Store Kiosk
FB-00180,WC-0010,West Coast,2024-07-19,4,Service Speed,Drink was good but had a short wait.,True,Email Survey
FB-00126,M-0009,Midwest,2024-07-22,3,Loyalty Rewards,"Average visit, nothing special.",True,Email Survey
FB-00169,S-0008,Southwest,2024-07-25,3,App Experience,"Average visit, nothing special.",True,In-Store Kiosk
FB-00551,PN-0003,Pacific Northwest,2024-07-26,4,Food Quality,Mobile app worked great today.,True,Email Survey
FB-00479,M-0009,Mountain,2024-07-26,3,Loyalty Rewards,Drink was okay but took longer than usual.,True,App
FB-00575,S-0007,Southwest,2024-07-26,3,Loyalty Rewards,"Average visit, nothing special.",True,Google Review
FB-00293,M-0010,Mountain,2024-07-27,3,Loyalty Rewards,Drink was okay but took longer than usual.,True,Email Survey
FB-00116,M-0009,Midwest,2024-07-29,2,Loyalty Rewards,App charged me but order wasn't ready.,True,App
FB-00519,WC-0001,West Coast,2024-07-29,3,Food Quality,Drink was okay but took longer than usual.,True,App
FB-00565,WC-0005,West Coast,2024-07-30,5,Food Quality,App order was ready early.,True,In-Store Kiosk
FB-00437,PN-0003,Pacific Northwest,2024-08-01,4,App Experience,Clean store and helpful staff.,True,Google Review
FB-00003,N-0003,Northeast,2024-08-01,4,Loyalty Rewards,Good experience overall.,True,Email Survey
FB-00454,S-0009,Southwest,2024-08-01,2,Food Quality,Wrong drink made twice.,True,Google Review
FB-00060,PN-0010,Pacific Northwest,2024-08-02,4,Drink Quality,Good experience overall.,True,App
FB-00121,N-0008,Northeast,2024-08-02,3,Food Quality,"Average visit, nothing special.",True,Google Review
FB-00435,S-0007,Southwest,2024-08-03,3,Service Speed,Store was a bit crowded.,True,Google Review
FB-00264,M-0005,Mountain,2024-08-04,3,Food Quality,"Average visit, nothing special.",True,App
FB-00031,S-0002,Southwest,2024-08-04,4,App Experience,Usually consistent quality.,True,Google Review
FB-00542,M-0002,Mountain,2024-08-05,3,Staff Friendliness,"Average visit, nothing special.",True,App
FB-00541,M-0003,Midwest,2024-08-06,4,Staff Friendliness,Drink was good but had a short wait.,True,In-Store Kiosk
FB-00232,M-0006,Mountain,2024-08-06,3,Service Speed,Store was a bit crowded.,True,In-Store Kiosk
FB-00513,M-0004,Mountain,2024-08-08,5,App Experience,Fastest drive-thru I've been to.,True,Email Survey
FB-00318,PN-0009,Pacific Northwest,2024-08-08,4,Food Quality,Drink was good but had a short wait.,True,Email Survey
FB-00132,M-0002,Mountain,2024-08-14,2,Staff Friendliness,Long wait with no update.,False,In-Store Kiosk
FB-00578,M-0009,Mid-Atlantic,2024-08-14,4,Cleanliness,Mobile app worked great today.,True,Email Survey
FB-00287,S-0004,Southwest,2024-08-15,4,Food Quality,Mobile app worked great today.,True,In-Store Kiosk
FB-00209,N-0008,Northeast,2024-08-16,5,App Experience,Staff was incredibly friendly and welcoming.,True,In-Store Kiosk
FB-00357,M-0005,Mid-Atlantic,2024-08-17,4,App Experience,Drink was good but had a short wait.,True,Email Survey
FB-00490,M-0005,Mid-Atlantic,2024-08-18,3,App Experience,"Barista seemed new, but got it right eventually.",True,App
FB-00032,PN-0006,Pacific Northwest,2024-08-19,3,Loyalty Rewards,Drink was okay but took longer than usual.,True,In-Store Kiosk
FB-00461,S-0002,Southeast,2024-08-21,2,Loyalty Rewards,Wrong drink made twice.,True,Email Survey
FB-00556,N-0010,Northeast,2024-08-25,1,Staff Friendliness,Drink was completely wrong.,False,Google Review
FB-00369,N-0003,Northeast,2024-08-26,5,Drink Quality,Excellent service!,True,App
FB-00363,S-0003,Southeast,2024-08-27,4,Loyalty Rewards,Usually consistent quality.,True,Google Review
FB-00353,M-0003,Mountain,2024-08-29,3,Drink Quality,Drink was okay but took longer than usual.,True,Google Review
FB-00539,M-0010,Midwest,2024-08-30,4,Drink Quality,Good experience overall.,True,In-Store Kiosk
FB-00367,WC-0005,West Coast,2024-08-31,2,Food Quality,Long wait with no update.,True,Google Review
FB-00171,S-0007,Southwest,2024-09-02,3,App Experience,"Average visit, nothing special.",True,Email Survey
FB-00400,M-0008,Midwest,2024-09-02,4,Staff Friendliness,Drink was good but had a short wait.,True,In-Store Kiosk
FB-00584,M-0009,Mountain,2024-09-04,5,Cleanliness,App order was ready early.,True,In-Store Kiosk
FB-00319,M-0006,Mid-Atlantic,2024-09-04,4,Cleanliness,Mobile app worked great today.,True,In-Store Kiosk
FB-00263,WC-0007,West Coast,2024-09-05,2,Drink Quality,Wrong drink made twice.,True,Email Survey
FB-00455,S-0007,Southwest,2024-09-06,3,Service Speed,"Barista seemed new, but got it right eventually.",True,Email Survey
FB-00506,M-0003,Mid-Atlantic,2024-09-07,4,Staff Friendliness,Usually consistent quality.,True,Email Survey
FB-00174,N-0007,Northeast,2024-09-09,4,Cleanliness,Mobile app worked great today.,True,App
FB-00300,S-0001,Southwest,2024-09-09,3,Service Speed,"Average visit, nothing special.",True,Google Review
FB-00416,S-0002,Southwest,2024-09-09,2,Loyalty Rewards,App charged me but order wasn't ready.,False,In-Store Kiosk
FB-00194,N-0003,Northeast,2024-09-11,2,Cleanliness,App charged me but order wasn't ready.,False,App
FB-00431,S-0008,Southeast,2024-09-11,4,Drink Quality,Clean store and helpful staff.,True,Email Survey
FB-00261,M-0009,Midwest,2024-09-11,5,Cleanliness,My drink was perfect.,True,App
FB-00348,M-0007,Midwest,2024-09-12,4,Drink Quality,Clean store and helpful staff.,True,Google Review
FB-00307,WC-0001,West Coast,2024-09-13,5,App Experience,App order was ready early.,True,Google Review
FB-00090,S-0010,Southwest,2024-09-15,4,Loyalty Rewards,Mobile app worked great today.,True,App
FB-00548,M-0007,Mountain,2024-09-18,2,Staff Friendliness,Wrong drink made twice.,True,Email Survey
FB-00182,M-0010,Mountain,2024-09-20,5,Drink Quality,App order was ready early.,True,Google Review
FB-00025,M-0008,Mid-Atlantic,2024-09-21,4,Service Speed,Usually consistent quality.,True,In-Store Kiosk
FB-00428,S-0007,Southwest,2024-09-21,3,Staff Friendliness,Drink was okay but took longer than usual.,True,App
FB-00304,M-0002,Mid-Atlantic,2024-09-25,3,Loyalty Rewards,"Barista seemed new, but got it right eventually.",True,App
FB-00434,M-0004,Mid-Atlantic,2024-09-25,5,Drink Quality,Barista remembered my order.,True,App
FB-00104,M-0002,Mid-Atlantic,2024-09-27,3,Cleanliness,"Barista seemed new, but got it right eventually.",True,App
FB-00163,WC-0002,West Coast,2024-09-28,5,Staff Friendliness,Staff was incredibly friendly and welcoming.,True,Email Survey
FB-00522,S-0004,Southwest,2024-09-28,5,Cleanliness,Barista remembered my order.,True,Google Review
FB-00407,N-0010,Northeast,2024-10-02,3,Service Speed,Drink was okay but took longer than usual.,True,Email Survey
FB-00220,M-0008,Mountain,2024-10-03,5,App Experience,App order was ready early.,True,Google Review
FB-00010,WC-0002,West Coast,2024-10-04,4,Cleanliness,Usually consistent quality.,True,App
FB-00166,M-0005,Mid-Atlantic,2024-10-05,4,Drink Quality,Mobile app worked great today.,True,App
FB-00221,N-0007,Northeast,2024-10-06,4,Loyalty Rewards,Clean store and helpful staff.,True,Google Review
FB-00049,M-0003,Mountain,2024-10-08,4,Service Speed,Good experience overall.,True,Google Review
FB-00552,WC-0008,West Coast,2024-10-08,3,Loyalty Rewards,"Average visit, nothing special.",True,In-Store Kiosk
FB-00083,M-0003,Mountain,2024-10-11,3,Loyalty Rewards,Store was a bit crowded.,True,In-Store Kiosk
FB-00273,S-0009,Southwest,2024-10-11,4,Food Quality,Good experience overall.,True,Email Survey
FB-00395,PN-0005,Pacific Northwest,2024-10-12,4,Loyalty Rewards,Usually consistent quality.,True,App
FB-00074,M-0008,Mountain,2024-10-13,3,Food Quality,"Barista seemed new, but got it right eventually.",True,In-Store Kiosk
FB-00520,M-0008,Mid-Atlantic,2024-10-13,5,Loyalty Rewards,Barista remembered my order.,True,Email Survey
FB-00131,S-0001,Southeast,2024-10-14,3,Cleanliness,Store was a bit crowded.,True,App
FB-00270,WC-0005,West Coast,2024-10-15,3,Service Speed,"Average visit, nothing special.",True,Email Survey
FB-00294,PN-0002,Pacific Northwest,2024-10-15,2,Staff Friendliness,Wrong drink made twice.,False,In-Store Kiosk
FB-00149,N-0001,Northeast,2024-10-15,3,Loyalty Rewards,"Barista seemed new, but got it right eventually.",True,Google Review
FB-00442,S-0005,Southwest,2024-10-15,4,Staff Friendliness,Good experience overall.,True,In-Store Kiosk
FB-00297,M-0001,Midwest,2024-10-16,4,Cleanliness,Drink was good but had a short wait.,True,In-Store Kiosk
FB-00368,M-0006,Mid-Atlantic,2024-10-16,3,Cleanliness,"Average visit, nothing special.",True,In-Store Kiosk
FB-00167,M-0002,Midwest,2024-10-18,3,App Experience,Drink was okay but took longer than usual.,True,App
FB-00103,S-0003,Southeast,2024-10-19,4,Cleanliness,Clean store and helpful staff.,True,Email Survey
FB-00052,N-0007,Northeast,2024-10-19,4,App Experience,Good experience overall.,True,In-Store Kiosk
FB-00004,PN-0005,Pacific Northwest,2024-10-19,5,Drink Quality,Staff was incredibly friendly and welcoming.,True,In-Store Kiosk
FB-00600,N-0001,Northeast,2024-10-20,5,Food Quality,Excellent service!,True,Email Survey
FB-00438,N-0008,Northeast,2024-10-20,3,Staff Friendliness,Store was a bit crowded.,True,App
FB-00355,S-0008,Southwest,2024-10-21,4,Cleanliness,Good experience overall.,True,Google Review
FB-00086,M-0008,Midwest,2024-10-22,2,Food Quality,App charged me but order wasn't ready.,True,In-Store Kiosk
FB-00253,S-0008,Southwest,2024-10-22,3,Food Quality,Drink was okay but took longer than usual.,True,App
FB-00147,M-0009,Mountain,2024-10-25,5,Cleanliness,Staff was incredibly friendly and welcoming.,True,In-Store Kiosk
FB-00206,M-0010,Midwest,2024-10-25,3,Staff Friendliness,"Barista seemed new, but got it right eventually.",True,App
FB-00579,S-0010,Southeast,2024-10-26,5,Drink Quality,Excellent service!,True,Email Survey
FB-00592,WC-0005,West Coast,2024-10-27,3,Drink Quality,Store was a bit crowded.,True,Email Survey
FB-00525,WC-0003,West Coast,2024-10-28,5,Drink Quality,App order was ready early.,True,In-Store Kiosk
FB-00352,N-0002,Northeast,2024-11-01,4,Cleanliness,Drink was good but had a short wait.,True,Google Review
FB-00382,WC-0007,West Coast,2024-11-02,5,Cleanliness,Love the new seasonal menu.,True,Google Review
FB-00247,WC-0007,West Coast,2024-11-03,4,Staff Friendliness,Good experience overall.,True,In-Store Kiosk
FB-00053,M-0010,Mountain,2024-11-03,5,Drink Quality,Barista remembered my order.,True,App
FB-00231,S-0008,Southeast,2024-11-05,4,App Experience,Drink was good but had a short wait.,True,Google Review
FB-00152,S-0006,Southeast,2024-11-06,4,Drink Quality,Drink was good but had a short wait.,True,In-Store Kiosk
FB-00170,S-0004,Southeast,2024-11-07,4,App Experience,Clean store and helpful staff.,True,Email Survey
FB-00517,M-0009,Mountain,2024-11-08,4,Food Quality,Usually consistent quality.,True,App
FB-00141,M-0006,Mid-Atlantic,2024-11-10,4,Cleanliness,Drink was good but had a short wait.,True,Email Survey
FB-00448,S-0009,Southwest,2024-11-11,4,Drink Quality,Clean store and helpful staff.,True,In-Store Kiosk
FB-00429,N-0003,Northeast,2024-11-11,5,App Experience,My drink was perfect.,True,Google Review
FB-00330,S-0005,Southeast,2024-11-13,2,Food Quality,App charged me but order wasn't ready.,True,Email Survey
FB-00082,M-0006,Mountain,2024-11-13,5,Drink Quality,Fastest drive-thru I've been to.,True,In-Store Kiosk
FB-00158,S-0006,Southwest,2024-11-14,4,Service Speed,Usually consistent quality.,True,In-Store Kiosk
FB-00088,M-0004,Mountain,2024-11-15,3,App Experience,"Average visit, nothing special.",True,Google Review
FB-00527,N-0007,Northeast,2024-11-20,2,Drink Quality,Long wait with no update.,True,Google Review
FB-00342,M-0003,Midwest,2024-11-21,5,Food Quality,My drink was perfect.,True,App
FB-00310,WC-0003,West Coast,2024-11-21,3,Cleanliness,Store was a bit crowded.,True,In-Store Kiosk
FB-00260,M-0008,Mountain,2024-11-22,4,App Experience,Clean store and helpful staff.,True,App
FB-00543,S-0010,Southwest,2024-11-24,4,Service Speed,Mobile app worked great today.,True,In-Store Kiosk
FB-00214,PN-0004,Pacific Northwest,2024-11-24,4,App Experience,Good experience overall.,True,App
FB-00069,PN-0007,Pacific Northwest,2024-11-26,5,Staff Friendliness,Fastest drive-thru I've been to.,True,In-Store Kiosk
FB-00324,M-0005,Mountain,2024-11-26,4,Loyalty Rewards,Drink was good but had a short wait.,True,In-Store Kiosk
FB-00022,M-0003,Midwest,2024-11-27,2,Food Quality,Long wait with no update.,False,App
FB-00583,WC-0005,West Coast,2024-11-27,3,Staff Friendliness,Drink was okay but took longer than usual.,True,Email Survey
FB-00572,PN-0001,Pacific Northwest,2024-11-29,4,Loyalty Rewards,Drink was good but had a short wait.,True,Email Survey
FB-00502,PN-0004,Pacific Northwest,2024-11-30,2,Food Quality,Long wait with no update.,False,In-Store Kiosk
FB-00036,WC-0005,West Coast,2024-11-30,3,Staff Friendliness,"Barista seemed new, but got it right eventually.",True,Google Review
FB-00465,M-0008,Mid-Atlantic,2024-12-01,3,Loyalty Rewards,"Average visit, nothing special.",True,Google Review
FB-00409,PN-0006,Pacific Northwest,2024-12-01,4,Drink Quality,Clean store and helpful staff.,True,App
FB-00433,M-0003,Mountain,2024-12-02,4,App Experience,Good experience overall.,True,App
FB-00445,WC-0007,West Coast,2024-12-02,4,Food Quality,Clean store and helpful staff.,True,Email Survey
FB-00564,M-0001,Mountain,2024-12-03,4,Service Speed,Clean store and helpful staff.,True,Google Review
FB-00526,WC-0002,West Coast,2024-12-05,4,App Experience,Mobile app worked great today.,True,In-Store Kiosk
FB-00505,N-0005,Northeast,2024-12-06,3,App Experience,"Average visit, nothing special.",True,In-Store Kiosk
FB-00481,M-0004,Mountain,2024-12-07,5,Loyalty Rewards,Excellent service!,True,Email Survey
FB-00378,PN-0008,Pacific Northwest,2024-12-07,4,Service Speed,Usually consistent quality.,True,Email Survey
FB-00268,PN-0009,Pacific Northwest,2024-12-08,5,Food Quality,App order was ready early.,True,App
FB-00566,S-0005,Southwest,2024-12-11,4,Drink Quality,Usually consistent quality.,True,Google Review
FB-00039,WC-0007,West Coast,2024-12-13,5,Service Speed,Fastest drive-thru I've been to.,True,Google Review
FB-00046,N-0002,Northeast,2024-12-14,3,App Experience,"Barista seemed new, but got it right eventually.",True,In-Store Kiosk
FB-00041,S-0005,Southeast,2024-12-14,4,Loyalty Rewards,Mobile app worked great today.,True,Google Review
FB-00531,PN-0001,Pacific Northwest,2024-12-15,5,App Experience,Fastest drive-thru I've been to.,True,Google Review
FB-00014,M-0007,Mid-Atlantic,2024-12-16,4,Service Speed,Mobile app worked great today.,True,Email Survey
FB-00148,WC-0001,West Coast,2024-12-18,3,App Experience,"Barista seemed new, but got it right eventually.",True,App
FB-00510,S-0010,Southeast,2024-12-18,5,Food Quality,Barista remembered my order.,True,Email Survey
FB-00559,N-0007,Northeast,2024-12-18,3,Service Speed,"Barista seemed new, but got it right eventually.",True,App
FB-00532,M-0006,Mountain,2024-12-19,4,Service Speed,Good experience overall.,True,Google Review
FB-00228,M-0004,Midwest,2024-12-20,5,Food Quality,Excellent service!,True,In-Store Kiosk
FB-00100,M-0007,Midwest,2024-12-20,2,Staff Friendliness,Store was not clean.,True,In-Store Kiosk
FB-00001,M-0010,Midwest,2024-12-21,3,Food Quality,Drink was okay but took longer than usual.,True,Google Review
FB-00286,PN-0008,Pacific Northwest,2024-12-23,2,Drink Quality,Out of my usual syrup again.,True,Email Survey
FB-00482,M-0003,Midwest,2024-12-24,3,App Experience,"Average visit, nothing special.",True,In-Store Kiosk
FB-00512,S-0003,Southeast,2024-12-24,2,Drink Quality,App charged me but order wasn't ready.,True,App
FB-00524,M-0004,Mid-Atlantic,2024-12-24,3,Staff Friendliness,"Average visit, nothing special.",True,In-Store Kiosk
FB-00568,M-0007,Mountain,2024-12-25,3,App Experience,Drink was okay but took longer than usual.,True,Google Review
FB-00138,M-0002,Mid-Atlantic,2024-12-25,5,Cleanliness,Love the new seasonal menu.,True,Email Survey
FB-00580,PN-0003,Pacific Northwest,2024-12-26,5,Cleanliness,My drink was perfect.,True,Email Survey
FB-00096,M-0009,Mid-Atlantic,2024-12-29,3,Service Speed,Drink was okay but took longer than usual.,True,Google Review
FB-00334,M-0010,Mountain,2024-12-30,2,Loyalty Rewards,Long wait with no update.,True,App
FB-00309,N-0010,Northeast,2024-12-31,4,Staff Friendliness,Drink was good but had a short wait.,True,In-Store Kiosk
